Sentiment,Avg_Likes,Avg_Retweets
Negative,80.05714285714286,26.485714285714284
Positive,77.54838709677419,21.387096774193548
Neutral,75.55882352941177,25.91176470588235
