AgeGroup,Avg_Likes,Avg_Retweets
Adult,81.15873015873017,24.22222222222222
Teen,75.76923076923077,24.0
Senior,69.875,26.375
